request_id,requester_id,zone_id,resource_type_needed,quantity_requested,urgency_level,status,lat,lon,requested_at
79d0df6f-b5b2-4b6b-9df2-fdc0bb064cfb,f276fe65-014f-4fd0-a0fe-bcaec02044e4,efe39033-60bd-467d-aedd-4a0060eba0be,generator,8,critical,open,12.97807764043991,80.22319061522951,2026-11-16T13:20:28.142545Z
d2bbcd18-59de-48a5-8bbf-f83f59f714d7,c5748b92-bc18-497f-bb7c-c02d0ece18be,71e03a10-ef79-403b-b35c-bc82545672d3,boat,7,critical,open,12.90850489652322,80.24360639304847,2026-11-16T07:43:48.374805Z
cf52c5ae-514a-42a6-ac2d-415e9b7051d9,b5cee0fe-db03-4700-9297-f02e44d32696,71e03a10-ef79-403b-b35c-bc82545672d3,generator,4,medium,open,12.883008735405625,80.2178679311864,2026-11-15T16:26:33.218599Z
8d13feb5-cd9a-48fd-b4c6-784fd2078ff7,ffde41cd-2487-4ba2-9e78-2c2b95b01add,ede33f5e-5516-4451-9254-069b65c8ecfd,generator,8,medium,open,13.021301584337726,80.27225703703242,2026-11-16T16:02:37.432191Z
250c250c-ac47-4a12-a1cc-39fb003430af,2ec79d08-f9fc-44ec-aa4e-8f0484ee7e6c,71e03a10-ef79-403b-b35c-bc82545672d3,volunteer,33,medium,open,12.91688832412933,80.23764621768639,2026-11-16T04:29:00.802785Z
7ebf1d68-3857-43bb-b6ef-ccd63086ded0,6895a0a9-e0b4-499a-8cf9-79b617b4f62f,ede33f5e-5516-4451-9254-069b65c8ecfd,shelter_capacity,49,high,open,13.014406993413358,80.25598388068282,2026-11-15T19:52:03.026642Z
ec250539-b3f6-4ada-b1e8-3f592ac67803,c5748b92-bc18-497f-bb7c-c02d0ece18be,efe39033-60bd-467d-aedd-4a0060eba0be,boat,2,high,open,12.97428838273675,80.21960608890075,2026-11-16T18:15:00.552259Z
63e9dbbc-28ef-4708-8dfd-1ff2c058c5ed,b5cee0fe-db03-4700-9297-f02e44d32696,efe39033-60bd-467d-aedd-4a0060eba0be,boat,7,high,open,12.97809471583593,80.21123525564153,2026-11-16T17:18:34.527565Z
bb5ef390-6405-4ff9-ab8d-94f28cfc8ff0,b2e8654a-89b0-43cd-b687-e810a736b562,ede33f5e-5516-4451-9254-069b65c8ecfd,shelter_capacity,14,low,open,13.006663176568168,80.26442091945992,2026-11-16T23:58:43.594062Z
a70ceca0-efac-431b-8093-d65c6a7e8394,f0189189-e6ae-4fd3-9f78-2af7aafa3aba,ede33f5e-5516-4451-9254-069b65c8ecfd,volunteer,1,medium,open,13.017437918022763,80.27473721353881,2026-11-17T05:15:05.758405Z
1f8ac615-dbf6-44bb-9c23-0ec44c82aa10,856d0a94-a5df-4409-b1b7-ab3f286a0b56,1bc0f0f8-9df0-4438-904a-164c76ae3ab8,shelter_capacity,48,low,open,13.00622917910201,80.21151741247054,2026-11-16T10:12:51.663122Z
f97a9b49-6a35-4d90-8665-c02e2f1ddcf3,988943f9-6c95-45b2-a2ef-285eb1b02c0f,efe39033-60bd-467d-aedd-4a0060eba0be,shelter_capacity,22,high,open,12.968101789248141,80.21669560596929,2026-11-16T16:06:21.361644Z
ce3e4b73-d920-45b1-b83c-034bd2ea082b,b2e8654a-89b0-43cd-b687-e810a736b562,71e03a10-ef79-403b-b35c-bc82545672d3,boat,9,medium,open,12.907519990273446,80.21125789848648,2026-11-15T09:17:39.802889Z
7d616395-eaf3-443d-b5d2-fc574c5f6f13,3ed1e9f0-87ab-4ae7-bf29-4fc49e838bc2,efe39033-60bd-467d-aedd-4a0060eba0be,shelter_capacity,30,high,open,12.96996641136846,80.21107383219525,2026-11-15T16:43:22.775782Z
0b44b318-6320-4cc5-8562-c23f3edd2d2d,6bfc1487-63f0-4f4c-af68-f125a0da1cb9,efe39033-60bd-467d-aedd-4a0060eba0be,shelter_capacity,27,high,open,12.991460970443315,80.20008342432973,2026-11-15T20:06:32.520692Z
877c408c-c950-4f95-9643-ff0637313f0b,6895a0a9-e0b4-499a-8cf9-79b617b4f62f,efe39033-60bd-467d-aedd-4a0060eba0be,medical_supply,5,critical,open,12.962741199955229,80.20789133214932,2026-11-16T21:29:57.070973Z
5355fc58-d088-4ce3-b8c5-188a8fccd911,ac2cc20c-d810-4a54-a59a-c922d77311b8,0cc7c017-1230-4f57-bb1b-38e7712f9384,generator,4,critical,open,12.940810280888666,80.12610135933741,2026-11-15T14:03:30.984458Z
beb97065-b1dd-418e-89fd-75701a9bffe5,c9b1a5c0-0f7e-416b-adea-7410873008ae,71e03a10-ef79-403b-b35c-bc82545672d3,medical_supply,11,medium,open,12.912111675447017,80.2144506324067,2026-11-16T13:04:58.257274Z
cd7b8ad1-e870-42f2-b735-654909a4ef99,4838d69d-3d94-4d0c-9092-4c7ba2100252,efe39033-60bd-467d-aedd-4a0060eba0be,medical_supply,2,medium,open,12.999826913528237,80.21386617766066,2026-11-17T04:35:11.702701Z
842705c7-eb78-4cb4-9044-245bd1a34333,6895a0a9-e0b4-499a-8cf9-79b617b4f62f,efe39033-60bd-467d-aedd-4a0060eba0be,vehicle,10,high,open,12.989387720099831,80.21006330741952,2026-11-16T17:08:58.171073Z
15649887-a645-4c9d-bf7d-4995fbda5fcc,4838d69d-3d94-4d0c-9092-4c7ba2100252,0cc7c017-1230-4f57-bb1b-38e7712f9384,vehicle,2,medium,open,12.916788150612339,80.12463512052939,2026-11-16T22:13:08.063029Z
c64d95cb-3c04-40a6-8f72-a9143359526a,5ac7a3e9-1a0f-4424-8f57-453fb136f102,efe39033-60bd-467d-aedd-4a0060eba0be,medical_supply,42,high,open,12.981108068199617,80.21534093605304,2026-11-16T00:22:44.747016Z
593f93b8-1367-480d-9d56-39d6d4ebd51e,82f232e8-7efd-4833-9449-916f7cab6b93,0cc7c017-1230-4f57-bb1b-38e7712f9384,medical_supply,30,critical,open,12.923769869877539,80.13351829656067,2026-11-16T17:57:02.933632Z
6f13abe9-91ea-4b76-a3a2-a7b8f7e5933e,65769956-c3c4-4e3b-bdec-f6293b48e559,71e03a10-ef79-403b-b35c-bc82545672d3,volunteer,35,high,open,12.910241048572205,80.21863582152197,2026-11-16T21:10:58.042624Z
3951c8f3-8072-4911-98f6-313677c45fad,65769956-c3c4-4e3b-bdec-f6293b48e559,71e03a10-ef79-403b-b35c-bc82545672d3,boat,2,high,open,12.89958833866413,80.23231326816922,2026-11-15T21:23:18.801460Z
e969f36d-fdab-43d8-b5fc-6e419c15540a,bbbebdd7-e15e-4b42-91f2-e833f85c2456,efe39033-60bd-467d-aedd-4a0060eba0be,shelter_capacity,32,high,open,12.975692998647045,80.20833409635435,2026-11-17T00:50:44.650115Z
faca0d34-fb68-46b6-a9d1-3d557f050900,ffde41cd-2487-4ba2-9e78-2c2b95b01add,71e03a10-ef79-403b-b35c-bc82545672d3,medical_supply,45,critical,open,12.918922503111082,80.21132451847832,2026-11-17T02:14:42.549260Z
9714c7b7-ae2e-4d26-9340-6aad914386c6,b5cee0fe-db03-4700-9297-f02e44d32696,ede33f5e-5516-4451-9254-069b65c8ecfd,vehicle,9,high,open,13.011773696258908,80.25452698198347,2026-11-16T20:23:30.852122Z
27d433cd-3caa-4ffd-bc0b-cf7541925a6b,c5748b92-bc18-497f-bb7c-c02d0ece18be,efe39033-60bd-467d-aedd-4a0060eba0be,generator,4,high,open,12.984762223413295,80.21693041955038,2026-11-16T03:24:40.515036Z
05e9e953-1890-434c-ab81-388259a26659,aa648faf-a1bc-47e6-ab17-4b0124e47890,efe39033-60bd-467d-aedd-4a0060eba0be,volunteer,48,medium,open,12.972336657079047,80.20805614704804,2026-11-16T10:25:07.128092Z
c5bdc11f-a0ad-4ef0-bf5e-c0377a365097,ffde41cd-2487-4ba2-9e78-2c2b95b01add,71e03a10-ef79-403b-b35c-bc82545672d3,generator,6,low,open,12.908606542165622,80.21556163892043,2026-11-15T13:44:19.059289Z
c5986229-cd5e-4fa9-afc7-7e9f24da232c,f4b0f7cf-6bb7-472e-94cc-f3f365a0c4f8,ede33f5e-5516-4451-9254-069b65c8ecfd,vehicle,10,medium,open,13.0225204252185,80.26990513453309,2026-11-17T06:52:37.693554Z
d9790215-05ce-4018-af1f-95119075374c,b5cee0fe-db03-4700-9297-f02e44d32696,efe39033-60bd-467d-aedd-4a0060eba0be,medical_supply,12,medium,open,12.972472453071331,80.23697179724411,2026-11-15T22:30:31.839341Z
6e94ba09-6b16-4d13-a79c-820debdfcc4b,f276fe65-014f-4fd0-a0fe-bcaec02044e4,efe39033-60bd-467d-aedd-4a0060eba0be,volunteer,9,high,open,12.996408789399942,80.22096256878505,2026-11-16T14:37:03.876402Z
5ee12654-511e-4a68-8137-337a00ddee5f,67489540-e9b1-4867-8454-ac44e62a3aa4,ede33f5e-5516-4451-9254-069b65c8ecfd,shelter_capacity,22,high,open,13.0177689185851,80.241163485629,2026-11-15T16:50:58.042243Z
19a015aa-7f65-4f9a-a00d-13a0a1e758ea,ac2cc20c-d810-4a54-a59a-c922d77311b8,ede33f5e-5516-4451-9254-069b65c8ecfd,generator,2,critical,open,12.989267903378945,80.25911358388339,2026-11-16T11:41:49.255838Z
2afc75a7-393d-4605-862c-f5d7bb781ddb,f276fe65-014f-4fd0-a0fe-bcaec02044e4,efe39033-60bd-467d-aedd-4a0060eba0be,medical_supply,16,high,open,12.9853450738164,80.2227367340999,2026-11-15T13:41:08.429950Z
5f799f8b-d51b-4d7f-8fc3-a89517f647f5,4838d69d-3d94-4d0c-9092-4c7ba2100252,ede33f5e-5516-4451-9254-069b65c8ecfd,volunteer,29,low,open,12.995515209772774,80.26144109284289,2026-11-15T22:16:22.621299Z
a6f42c3b-720b-4667-bb2f-bbbecdedbed2,242f1231-8b3d-4241-91cf-939915a13972,71e03a10-ef79-403b-b35c-bc82545672d3,volunteer,7,medium,open,12.8915858450116,80.21114749861869,2026-11-17T05:29:03.586616Z
1cc548e2-d71d-47cd-8299-efb8cd5ab0f4,82f232e8-7efd-4833-9449-916f7cab6b93,efe39033-60bd-467d-aedd-4a0060eba0be,boat,2,high,open,12.985252447804783,80.20965037156124,2026-11-15T15:30:48.835949Z
ea47d077-33e8-4b3a-bffd-8876fe024fcc,65769956-c3c4-4e3b-bdec-f6293b48e559,efe39033-60bd-467d-aedd-4a0060eba0be,boat,5,critical,open,12.970836952246401,80.20858218502636,2026-11-16T17:44:36.250039Z
5dcb0853-c069-40ac-9f37-86e3f2ef8403,ffde41cd-2487-4ba2-9e78-2c2b95b01add,0cc7c017-1230-4f57-bb1b-38e7712f9384,vehicle,4,high,open,12.908859576043014,80.11812529886562,2026-11-16T04:24:24.013343Z
e8944ace-d8de-40c5-aaa4-107192777d9e,856d0a94-a5df-4409-b1b7-ab3f286a0b56,efe39033-60bd-467d-aedd-4a0060eba0be,boat,3,medium,open,12.984268281972764,80.20954442353224,2026-11-16T22:02:46.216245Z
d6943a64-19d8-4f6b-9848-cf6dcee880cd,3ed1e9f0-87ab-4ae7-bf29-4fc49e838bc2,ede33f5e-5516-4451-9254-069b65c8ecfd,generator,5,medium,open,13.003051808773803,80.23981767407598,2026-11-16T17:35:13.980764Z
50908228-2b7a-4d5c-8fa3-8cfb28aecd2d,d94496fe-f441-4919-bd7f-75dc861f98aa,71e03a10-ef79-403b-b35c-bc82545672d3,generator,6,critical,open,12.919476444087714,80.24133834455625,2026-11-16T12:58:41.717155Z
d72598cc-15a4-4528-8447-9602bf49efca,ac2cc20c-d810-4a54-a59a-c922d77311b8,0cc7c017-1230-4f57-bb1b-38e7712f9384,volunteer,2,low,open,12.92594987938411,80.13802436016687,2026-11-17T07:58:46.113636Z
5f1d6fc5-be99-4893-90c2-eed750fb5c1d,bbbebdd7-e15e-4b42-91f2-e833f85c2456,ede33f5e-5516-4451-9254-069b65c8ecfd,boat,8,low,open,13.00073539948308,80.26916979778163,2026-11-17T03:58:17.377754Z
16ec3a33-7d18-4af4-945c-014bc9f312f2,ac2cc20c-d810-4a54-a59a-c922d77311b8,ede33f5e-5516-4451-9254-069b65c8ecfd,generator,7,critical,open,12.989732994106353,80.25306580359151,2026-11-15T23:59:55.690425Z
e761da8e-b2b2-4cc9-9362-8c445d530412,ffde41cd-2487-4ba2-9e78-2c2b95b01add,efe39033-60bd-467d-aedd-4a0060eba0be,shelter_capacity,26,critical,open,12.965022391711033,80.20809595403769,2026-11-16T23:03:04.210803Z
ac28b556-693c-4861-9ba8-0a6d81ef2e5a,37be7a2c-6d5d-41e8-9985-bfe59f28a612,71e03a10-ef79-403b-b35c-bc82545672d3,generator,7,low,open,12.907306415459326,80.22960374377429,2026-11-17T01:30:56.548924Z
318d33c8-8f7f-4cd0-884c-2ac3bca1cc1e,f276fe65-014f-4fd0-a0fe-bcaec02044e4,efe39033-60bd-467d-aedd-4a0060eba0be,shelter_capacity,34,high,open,12.97918163822889,80.20006447100745,2026-11-16T01:21:55.473261Z
f6689bb9-3e53-4226-8334-9f120013fb6a,b5cee0fe-db03-4700-9297-f02e44d32696,1bc0f0f8-9df0-4438-904a-164c76ae3ab8,medical_supply,19,high,open,12.987854777697667,80.22580089108017,2026-11-16T05:01:46.461229Z
1b3f1c26-bd74-400b-8b69-1516c302a6b8,ffde41cd-2487-4ba2-9e78-2c2b95b01add,71e03a10-ef79-403b-b35c-bc82545672d3,boat,5,high,open,12.889988026378232,80.24155622726468,2026-11-16T10:26:24.980410Z
9c6483d1-c6b7-4762-a409-bcbbc2b6caa4,4c41adfa-6619-4db6-8cf4-acd855a99746,ede33f5e-5516-4451-9254-069b65c8ecfd,generator,2,high,open,13.01196413303967,80.25695488060279,2026-11-16T15:05:24.234222Z
9c43425b-84b2-485e-b084-8073ddceca28,c5748b92-bc18-497f-bb7c-c02d0ece18be,ede33f5e-5516-4451-9254-069b65c8ecfd,medical_supply,31,high,open,12.989085678739423,80.24422441483792,2026-11-17T07:03:06.272514Z
1f46372f-e5f3-4659-a298-95ffbc1d658a,3ed1e9f0-87ab-4ae7-bf29-4fc49e838bc2,ede33f5e-5516-4451-9254-069b65c8ecfd,volunteer,9,medium,open,13.017476495198888,80.25019500972458,2026-11-17T01:28:23.854269Z
f8cf4d9b-09b6-4b79-9aba-b312187ec74a,f0189189-e6ae-4fd3-9f78-2af7aafa3aba,efe39033-60bd-467d-aedd-4a0060eba0be,volunteer,1,low,open,12.984696935355336,80.2243976301222,2026-11-15T21:34:34.576311Z
e8c83604-762a-4a10-97db-75a526cc1b36,ffde41cd-2487-4ba2-9e78-2c2b95b01add,ede33f5e-5516-4451-9254-069b65c8ecfd,boat,8,medium,open,12.998388402168555,80.27391409022862,2026-11-16T00:33:57.417125Z
370e4107-528c-4c47-9b8d-f9cd8b27f7ee,c5748b92-bc18-497f-bb7c-c02d0ece18be,71e03a10-ef79-403b-b35c-bc82545672d3,boat,4,low,open,12.897431003821984,80.22062705308936,2026-11-16T11:26:46.632535Z
f922701b-f70a-49ca-9e69-2596ed1474a6,ac2cc20c-d810-4a54-a59a-c922d77311b8,71e03a10-ef79-403b-b35c-bc82545672d3,shelter_capacity,25,medium,open,12.907080760056024,80.21398421280841,2026-11-16T02:31:54.408430Z
90357b7f-cc22-4f11-83ad-3d57f832efb1,299b8adb-9f59-4702-bfcc-37541468e72a,efe39033-60bd-467d-aedd-4a0060eba0be,generator,10,low,open,12.979112248390827,80.21903804347231,2026-11-15T23:56:08.684839Z
2aa6d739-7d69-494f-8eb5-65624597b89f,6895a0a9-e0b4-499a-8cf9-79b617b4f62f,efe39033-60bd-467d-aedd-4a0060eba0be,shelter_capacity,10,low,open,12.96449312992975,80.22926101165092,2026-11-16T03:40:44.305492Z
055fa5b3-95ef-46c8-b69d-af4ba4d21c93,6bfc1487-63f0-4f4c-af68-f125a0da1cb9,efe39033-60bd-467d-aedd-4a0060eba0be,medical_supply,45,low,open,12.995593653462636,80.23237368736673,2026-11-16T03:04:45.118367Z
9682af26-4bee-4e39-a05a-1926acda2275,f276fe65-014f-4fd0-a0fe-bcaec02044e4,71e03a10-ef79-403b-b35c-bc82545672d3,shelter_capacity,41,high,open,12.902640640507906,80.23259837846412,2026-11-16T18:29:54.371079Z
bf61aad1-62cb-4822-b1ef-ee1fb76743ba,c9b1a5c0-0f7e-416b-adea-7410873008ae,0cc7c017-1230-4f57-bb1b-38e7712f9384,boat,5,critical,open,12.942033509128821,80.13791478771977,2026-11-17T07:52:35.199487Z
ba7f74aa-da64-45bb-8fde-b378417bddb1,f0189189-e6ae-4fd3-9f78-2af7aafa3aba,71e03a10-ef79-403b-b35c-bc82545672d3,vehicle,8,low,open,12.882839638747088,80.23974573860649,2026-11-15T15:59:07.835147Z
27aa3f29-88a3-42d8-9c5f-e0a52340775c,f4b0f7cf-6bb7-472e-94cc-f3f365a0c4f8,ede33f5e-5516-4451-9254-069b65c8ecfd,medical_supply,28,high,open,13.010572014854109,80.24380227544606,2026-11-15T14:59:14.460697Z
c68177e6-969c-433c-ad1f-39127557b177,c5748b92-bc18-497f-bb7c-c02d0ece18be,efe39033-60bd-467d-aedd-4a0060eba0be,boat,7,high,open,12.984826285226083,80.2072875377718,2026-11-16T13:44:45.951683Z
c562ea53-2002-4393-a1ec-6acc1ba0d241,5037fe99-0033-4a28-9135-32bc74da1609,efe39033-60bd-467d-aedd-4a0060eba0be,vehicle,5,low,open,12.997548376943955,80.22510443542797,2026-11-16T16:00:30.075944Z
b0ac856c-0feb-4051-9834-aca50b770223,f0189189-e6ae-4fd3-9f78-2af7aafa3aba,efe39033-60bd-467d-aedd-4a0060eba0be,boat,6,medium,open,12.978472357538436,80.20800392897631,2026-11-17T07:24:26.212934Z
b48e53d6-abaa-4d11-922b-74aab00561b7,299b8adb-9f59-4702-bfcc-37541468e72a,efe39033-60bd-467d-aedd-4a0060eba0be,medical_supply,25,high,open,12.98437690769403,80.22099247720715,2026-11-17T00:57:36.367256Z
2c8033d0-e1ba-405a-9eb9-8e077bf28d20,4838d69d-3d94-4d0c-9092-4c7ba2100252,efe39033-60bd-467d-aedd-4a0060eba0be,vehicle,7,low,open,12.992632464630804,80.23694411267311,2026-11-15T21:10:30.209695Z
66c1dd6f-b274-4e54-822f-3793f3235ce7,c5748b92-bc18-497f-bb7c-c02d0ece18be,71e03a10-ef79-403b-b35c-bc82545672d3,volunteer,19,medium,open,12.895092838233413,80.23336471512025,2026-11-16T21:14:08.041275Z
e137a524-a036-45a2-a7bd-82fa10385f9a,ac2cc20c-d810-4a54-a59a-c922d77311b8,efe39033-60bd-467d-aedd-4a0060eba0be,volunteer,49,medium,open,12.966971169539764,80.20188655719262,2026-11-16T18:36:16.423489Z
0ca7b253-3e20-4dec-ac4a-f79da4d01d71,67489540-e9b1-4867-8454-ac44e62a3aa4,0cc7c017-1230-4f57-bb1b-38e7712f9384,vehicle,5,medium,open,12.93219439071757,80.11110533502985,2026-11-16T21:51:11.891637Z
3b286fe9-0805-4679-8821-5dd89902c493,4c41adfa-6619-4db6-8cf4-acd855a99746,efe39033-60bd-467d-aedd-4a0060eba0be,medical_supply,27,medium,open,12.996558423868267,80.21263430122461,2026-11-15T16:25:50.604173Z
f4028d30-4cad-4385-aa8b-8a5777ce6c19,37be7a2c-6d5d-41e8-9985-bfe59f28a612,71e03a10-ef79-403b-b35c-bc82545672d3,volunteer,11,low,open,12.919695363046673,80.2197056579669,2026-11-15T20:20:04.430613Z
c056cdf8-2f80-4e31-af01-8218170ed084,4c41adfa-6619-4db6-8cf4-acd855a99746,71e03a10-ef79-403b-b35c-bc82545672d3,medical_supply,30,medium,open,12.890024587827963,80.23495294898875,2026-11-17T06:13:07.961008Z
effeec2a-430a-4380-b8b8-78d8852f45e3,988943f9-6c95-45b2-a2ef-285eb1b02c0f,71e03a10-ef79-403b-b35c-bc82545672d3,vehicle,9,high,open,12.891578343134096,80.21284354947055,2026-11-16T01:33:25.928537Z
999410db-9222-4895-99c8-1fd48ef680e6,b2e8654a-89b0-43cd-b687-e810a736b562,71e03a10-ef79-403b-b35c-bc82545672d3,medical_supply,44,low,open,12.918611675671182,80.21223384408798,2026-11-15T20:35:01.491346Z
48ac4f7e-2490-4a45-8cf5-e721d72093ee,ffde41cd-2487-4ba2-9e78-2c2b95b01add,ede33f5e-5516-4451-9254-069b65c8ecfd,boat,10,high,open,13.007703287834335,80.26250609522559,2026-11-17T02:26:35.781253Z
2d0aa329-2c57-44d6-8f2f-b2d915642087,299b8adb-9f59-4702-bfcc-37541468e72a,71e03a10-ef79-403b-b35c-bc82545672d3,vehicle,5,critical,open,12.918850461315278,80.22007458337424,2026-11-16T15:09:48.576318Z
dddd5562-cfb5-4426-9f1a-d785fb469e40,4c41adfa-6619-4db6-8cf4-acd855a99746,efe39033-60bd-467d-aedd-4a0060eba0be,shelter_capacity,16,high,open,12.976340460619475,80.23597523073649,2026-11-17T02:35:18.408514Z
d150ff56-0751-4b1c-a4c4-42e9f0ac573e,c9b1a5c0-0f7e-416b-adea-7410873008ae,71e03a10-ef79-403b-b35c-bc82545672d3,vehicle,7,critical,open,12.897595381097473,80.21186086538843,2026-11-16T12:11:32.411711Z
c11f4601-ea75-4022-96e7-45d33b742995,aa648faf-a1bc-47e6-ab17-4b0124e47890,0cc7c017-1230-4f57-bb1b-38e7712f9384,shelter_capacity,18,high,open,12.920687834391163,80.11694450552923,2026-11-15T09:34:13.374369Z
