requester_id,name,requester_type
d94496fe-f441-4919-bd7f-75dc861f98aa,Requester 1,ngo_field_worker
67489540-e9b1-4867-8454-ac44e62a3aa4,Requester 2,government_official
6bfc1487-63f0-4f4c-af68-f125a0da1cb9,Requester 3,shelter_manager
299b8adb-9f59-4702-bfcc-37541468e72a,Requester 4,shelter_manager
4c41adfa-6619-4db6-8cf4-acd855a99746,Requester 5,ngo_field_worker
bbbebdd7-e15e-4b42-91f2-e833f85c2456,Requester 6,ngo_field_worker
242f1231-8b3d-4241-91cf-939915a13972,Requester 7,shelter_manager
c5748b92-bc18-497f-bb7c-c02d0ece18be,Requester 8,government_official
3ed1e9f0-87ab-4ae7-bf29-4fc49e838bc2,Requester 9,ngo_field_worker
f0189189-e6ae-4fd3-9f78-2af7aafa3aba,Requester 10,individual
71bb6955-7a9b-492e-b33d-890d19a4583b,Requester 11,government_official
aa648faf-a1bc-47e6-ab17-4b0124e47890,Requester 12,government_official
b2e8654a-89b0-43cd-b687-e810a736b562,Requester 13,shelter_manager
82f232e8-7efd-4833-9449-916f7cab6b93,Requester 14,ngo_field_worker
65769956-c3c4-4e3b-bdec-f6293b48e559,Requester 15,government_official
ef4849d5-9f17-4ac2-9ffa-d905f91f3b7d,Requester 16,ngo_field_worker
f4b0f7cf-6bb7-472e-94cc-f3f365a0c4f8,Requester 17,ngo_field_worker
ffde41cd-2487-4ba2-9e78-2c2b95b01add,Requester 18,ngo_field_worker
4838d69d-3d94-4d0c-9092-4c7ba2100252,Requester 19,shelter_manager
856d0a94-a5df-4409-b1b7-ab3f286a0b56,Requester 20,ngo_field_worker
6895a0a9-e0b4-499a-8cf9-79b617b4f62f,Requester 21,shelter_manager
ac2cc20c-d810-4a54-a59a-c922d77311b8,Requester 22,individual
b5cee0fe-db03-4700-9297-f02e44d32696,Requester 23,government_official
c9b1a5c0-0f7e-416b-adea-7410873008ae,Requester 24,government_official
f276fe65-014f-4fd0-a0fe-bcaec02044e4,Requester 25,individual
988943f9-6c95-45b2-a2ef-285eb1b02c0f,Requester 26,shelter_manager
37be7a2c-6d5d-41e8-9985-bfe59f28a612,Requester 27,government_official
5ac7a3e9-1a0f-4424-8f57-453fb136f102,Requester 28,shelter_manager
5037fe99-0033-4a28-9135-32bc74da1609,Requester 29,shelter_manager
2ec79d08-f9fc-44ec-aa4e-8f0484ee7e6c,Requester 30,shelter_manager
