resource_id,owner_id,current_zone_id,resource_type,quantity_total,quantity_available,unit_of_measure,status,lat,lon
946e48a6-624b-4c5d-9257-f9959ae147a4,087d9ec4-f7ed-4e99-8c5f-1586aba659ee,1bc0f0f8-9df0-4438-904a-164c76ae3ab8,medical_supply,47,23,kits,available,12.997985210923146,80.21360933466148
d681dab7-a515-4faf-8da6-a9894f39db93,087d9ec4-f7ed-4e99-8c5f-1586aba659ee,1bc0f0f8-9df0-4438-904a-164c76ae3ab8,vehicle,5,4,vehicles,maintenance,12.999044327754543,80.21946780635554
17e19c71-237c-4672-ad53-342747cd4d56,a8741971-3342-4930-92b1-e3c46d661de5,71e03a10-ef79-403b-b35c-bc82545672d3,medical_supply,82,28,kits,maintenance,12.89572848203246,80.23594940732778
a768cb50-1c4c-4716-a7d3-2cee085f6ceb,d13a7d59-66b6-4c74-96c0-d1abb14a90cd,ede33f5e-5516-4451-9254-069b65c8ecfd,generator,1,1,units,available,12.990285658156346,80.26899408372557
c51d3c79-177e-4cdc-93fe-e2fcd0c03d39,b16b28d5-249f-4d7a-8f1a-f405892e23a8,0cc7c017-1230-4f57-bb1b-38e7712f9384,volunteer,41,41,headcount,allocated,12.91976895703182,80.13993642769222
b1fe3e2b-3836-4049-bfb9-ccc37d1f3f3e,620bea19-6365-44b7-a5d4-64d6c73120e5,ede33f5e-5516-4451-9254-069b65c8ecfd,shelter_capacity,18,0,headcount,depleted,12.996182248255687,80.25913757970672
4da8f2ad-99fc-4100-b04f-2d1f19725114,731d9aba-1430-4cf7-a14b-a84a56686fea,1bc0f0f8-9df0-4438-904a-164c76ae3ab8,volunteer,29,16,headcount,allocated,12.994427282365214,80.20701349126274
cc353e06-c0f9-4146-9697-1659609c91c6,d42404fd-08f0-4e66-a8a1-233d271cbfde,ede33f5e-5516-4451-9254-069b65c8ecfd,generator,2,2,units,available,12.999843019350234,80.25947665285084
3913f72c-64ca-420e-9952-f43abe5747dc,7ddb4621-aed7-4174-9c3d-3b99462b3ed8,1bc0f0f8-9df0-4438-904a-164c76ae3ab8,shelter_capacity,71,14,headcount,maintenance,13.018243653503873,80.22812633398776
8f2be6d1-fc91-448e-aa35-e7f16576d6a3,d42404fd-08f0-4e66-a8a1-233d271cbfde,1bc0f0f8-9df0-4438-904a-164c76ae3ab8,vehicle,3,1,vehicles,allocated,12.991797359483051,80.2272627618393
bdec1ed7-0225-4f5e-a8a9-4912a3bd536f,087d9ec4-f7ed-4e99-8c5f-1586aba659ee,ede33f5e-5516-4451-9254-069b65c8ecfd,vehicle,5,4,vehicles,available,13.014415557095102,80.25055334374346
75defe3c-e2ed-4d78-93ad-06335ed4a2d6,731d9aba-1430-4cf7-a14b-a84a56686fea,1bc0f0f8-9df0-4438-904a-164c76ae3ab8,vehicle,2,1,vehicles,available,13.00788137090359,80.22895879435892
66c023e0-03cb-46c0-b056-5377848978da,d13a7d59-66b6-4c74-96c0-d1abb14a90cd,71e03a10-ef79-403b-b35c-bc82545672d3,volunteer,77,62,headcount,available,12.889356031759627,80.22378942301543
2d841b0e-4f2d-49c1-b521-0a22e040bc2c,2c26c498-e31f-4fe9-beac-dfe8a687fa41,ede33f5e-5516-4451-9254-069b65c8ecfd,medical_supply,31,5,kits,maintenance,13.002879713899498,80.24367637555406
a361130e-682c-4a64-983b-12daacadd07b,ce4c91aa-07cb-4c44-b89f-da8e777ef57c,0cc7c017-1230-4f57-bb1b-38e7712f9384,volunteer,17,17,headcount,available,12.915851698868202,80.13867299123255
394a1baf-423e-4cab-808c-12e5b435d803,b16b28d5-249f-4d7a-8f1a-f405892e23a8,71e03a10-ef79-403b-b35c-bc82545672d3,shelter_capacity,70,39,headcount,allocated,12.915854480699826,80.23239634172918
5616eb28-6659-46aa-8da8-9e5603f3f286,36a5c8d6-425a-42be-b5a3-0594b9e53a14,0cc7c017-1230-4f57-bb1b-38e7712f9384,shelter_capacity,58,15,headcount,available,12.909820776889791,80.11313102780021
144d5ec0-e7fa-46b8-96d6-83791f2ac546,7ddb4621-aed7-4174-9c3d-3b99462b3ed8,ede33f5e-5516-4451-9254-069b65c8ecfd,volunteer,29,2,headcount,maintenance,13.007233088718102,80.24846825351435
872cc438-997c-485c-9e87-fd0eb8478c0f,224d3e1b-26e9-4820-9283-e0f460af9c58,0cc7c017-1230-4f57-bb1b-38e7712f9384,generator,1,0,units,depleted,12.927969333348889,80.11892710422111
43bbeda5-e5cd-4810-b0cb-faae9f7adb1d,ce4c91aa-07cb-4c44-b89f-da8e777ef57c,1bc0f0f8-9df0-4438-904a-164c76ae3ab8,boat,5,1,units,allocated,13.015924909933,80.21131229743087
8400822d-f42a-40a4-a2d4-e03cb02e32fd,d42404fd-08f0-4e66-a8a1-233d271cbfde,1bc0f0f8-9df0-4438-904a-164c76ae3ab8,generator,3,3,units,allocated,13.017615102451089,80.20722513561697
5688474c-0828-4696-8388-e9188505fd29,b24bf41b-95bd-4a5c-9945-4bc8d455cf41,71e03a10-ef79-403b-b35c-bc82545672d3,vehicle,1,1,vehicles,maintenance,12.896179078161849,80.23875017609059
984c7fc7-9cb8-48a5-80e5-a0069b5d66cb,9acd40ec-99e9-4f17-9aa0-776e22fb4dbf,ede33f5e-5516-4451-9254-069b65c8ecfd,boat,5,1,units,allocated,12.993804641073616,80.25547884205203
98b312d6-331e-46cf-96ea-2586af032189,36a5c8d6-425a-42be-b5a3-0594b9e53a14,1bc0f0f8-9df0-4438-904a-164c76ae3ab8,generator,5,0,units,depleted,13.021678474052383,80.2306808275524
cca9077c-c472-4e1d-b114-59c9c6c72f23,087d9ec4-f7ed-4e99-8c5f-1586aba659ee,71e03a10-ef79-403b-b35c-bc82545672d3,generator,2,1,units,allocated,12.900440752539131,80.23883951182091
6415d2d9-ff29-4d59-869a-7cc33fffd3ad,97fef3ea-cf8d-4d49-aa60-1347ea29bbb0,ede33f5e-5516-4451-9254-069b65c8ecfd,generator,1,1,units,allocated,12.996857476868406,80.262497745108
0799996c-3c94-4faa-b77d-15106f20afb5,ce4c91aa-07cb-4c44-b89f-da8e777ef57c,71e03a10-ef79-403b-b35c-bc82545672d3,vehicle,5,1,vehicles,available,12.894901234764836,80.24196128094908
e1cb6024-7c4a-432e-9b60-8c67a8881f46,d13a7d59-66b6-4c74-96c0-d1abb14a90cd,0cc7c017-1230-4f57-bb1b-38e7712f9384,volunteer,8,0,headcount,depleted,12.92542532783377,80.12758551148758
15dddfb6-d86f-4b0c-b183-e34402f2256a,2c26c498-e31f-4fe9-beac-dfe8a687fa41,ede33f5e-5516-4451-9254-069b65c8ecfd,volunteer,66,23,headcount,available,13.0061510531935,80.26185637660812
038bf150-0f94-4444-a52b-39efd81689bc,620bea19-6365-44b7-a5d4-64d6c73120e5,1bc0f0f8-9df0-4438-904a-164c76ae3ab8,boat,5,0,units,depleted,12.992892249868673,80.20805950216486
04cfec75-e487-4cf5-846b-19ea010a154c,d13a7d59-66b6-4c74-96c0-d1abb14a90cd,1bc0f0f8-9df0-4438-904a-164c76ae3ab8,vehicle,5,2,vehicles,available,13.011791779243095,80.21502551588387
04241bd7-6506-4fed-a20a-8255160e77b5,15e2d311-819a-423a-bc1b-ab89577786a2,1bc0f0f8-9df0-4438-904a-164c76ae3ab8,medical_supply,86,58,kits,available,13.019570549951165,80.23367202862335
6d6c5380-42a8-4d1d-aa48-5f42d72726ae,36a5c8d6-425a-42be-b5a3-0594b9e53a14,1bc0f0f8-9df0-4438-904a-164c76ae3ab8,generator,5,0,units,depleted,12.998094629368012,80.21355601244251
0f7292aa-5c29-4a89-bb00-81cffa42b620,0b46ad92-f5a1-4149-9c0e-9b6a4749a2ed,0cc7c017-1230-4f57-bb1b-38e7712f9384,medical_supply,32,18,kits,available,12.921045537190231,80.12879653886785
dae2e323-2dba-4164-9f25-e9e078e456b2,224d3e1b-26e9-4820-9283-e0f460af9c58,1bc0f0f8-9df0-4438-904a-164c76ae3ab8,medical_supply,84,1,kits,maintenance,13.016213124053465,80.21458136256601
2f093cc0-d85f-4172-9d8f-5f9be7933433,4f35051d-2c1e-4337-a95a-8b6ee82fbf56,ede33f5e-5516-4451-9254-069b65c8ecfd,vehicle,2,0,vehicles,depleted,13.01057250051943,80.24626343729325
50856dd7-d11e-42a0-a35c-92e963f333ac,d13a7d59-66b6-4c74-96c0-d1abb14a90cd,1bc0f0f8-9df0-4438-904a-164c76ae3ab8,medical_supply,92,26,kits,maintenance,13.010727138766553,80.21351951704892
eac14e24-6c73-4a36-b9b6-87c47b0b3aae,2c26c498-e31f-4fe9-beac-dfe8a687fa41,ede33f5e-5516-4451-9254-069b65c8ecfd,shelter_capacity,7,6,headcount,available,12.98962260285397,80.25160669615816
b4968d65-8dc9-4616-9b04-b57eab359329,087d9ec4-f7ed-4e99-8c5f-1586aba659ee,1bc0f0f8-9df0-4438-904a-164c76ae3ab8,boat,3,0,units,depleted,13.012870023402801,80.22242720594325
abaecf3c-a0d0-4643-84ac-50aabe44b469,a8741971-3342-4930-92b1-e3c46d661de5,efe39033-60bd-467d-aedd-4a0060eba0be,generator,2,0,units,depleted,12.983975286994694,80.20744281356703
4c0b6d34-f208-4dc0-bfc4-5135bc752558,b24bf41b-95bd-4a5c-9945-4bc8d455cf41,efe39033-60bd-467d-aedd-4a0060eba0be,boat,3,2,units,available,12.986962000649317,80.22300800231908
e0374369-fa0a-4f85-9eb0-803146369a41,731d9aba-1430-4cf7-a14b-a84a56686fea,0cc7c017-1230-4f57-bb1b-38e7712f9384,medical_supply,53,15,kits,available,12.93718618098793,80.13682315159821
789ba1a8-c64f-411a-8737-a21642de8533,d13a7d59-66b6-4c74-96c0-d1abb14a90cd,efe39033-60bd-467d-aedd-4a0060eba0be,shelter_capacity,95,52,headcount,maintenance,12.992421920851259,80.22732247949723
ec12427a-4eb1-47d0-adf3-d5d6e8f21bf5,36a5c8d6-425a-42be-b5a3-0594b9e53a14,ede33f5e-5516-4451-9254-069b65c8ecfd,medical_supply,90,48,kits,available,13.014057797540133,80.24827301152638
ee0f7cb9-45dd-483d-bc8e-5df5777b826f,620bea19-6365-44b7-a5d4-64d6c73120e5,1bc0f0f8-9df0-4438-904a-164c76ae3ab8,shelter_capacity,30,0,headcount,depleted,12.997493893649832,80.21544785853594
2339cf2a-f6bb-4bf1-bb79-8a1b79bd848f,0b46ad92-f5a1-4149-9c0e-9b6a4749a2ed,71e03a10-ef79-403b-b35c-bc82545672d3,generator,3,3,units,maintenance,12.915434490615947,80.22898647197437
8af16e6b-7b6a-4b16-9760-6d5fbf47bab3,087d9ec4-f7ed-4e99-8c5f-1586aba659ee,ede33f5e-5516-4451-9254-069b65c8ecfd,generator,3,2,units,available,12.991552076416442,80.25463691275695
f56d0b8e-3b6e-4fb4-97e3-d52807f3f2b3,224d3e1b-26e9-4820-9283-e0f460af9c58,0cc7c017-1230-4f57-bb1b-38e7712f9384,vehicle,4,0,vehicles,depleted,12.934885141987337,80.11820236323507
70685af1-b07d-40b7-abe9-3065a448b49d,224d3e1b-26e9-4820-9283-e0f460af9c58,1bc0f0f8-9df0-4438-904a-164c76ae3ab8,generator,1,0,units,depleted,13.00463892198875,80.23406623457915
e4e09afc-5296-4ff6-9aac-a33f5d4624e1,36a5c8d6-425a-42be-b5a3-0594b9e53a14,1bc0f0f8-9df0-4438-904a-164c76ae3ab8,medical_supply,85,0,kits,depleted,13.00097853986626,80.21785178725858
